country,gold,silver,bronze,population,gdp_per_capita
Algeria,0,2,0,39666519,4206.031232
Argentina,21,1,0,43416755,13431.87834
Armenia,1,3,0,3017712,3489.12769
Australia,23,34,25,23781169,56310.96299
Austria,0,0,2,8611088,43774.98517
Azerbaijan,1,7,10,9651349,5496.34464
Bahamas,1,0,5,388019,22817.23086
Burundi,0,1,0,11178921,277.0683092
Belgium,2,17,2,11285721,40324.02777
Belarus,1,4,7,9513000,5740.456495
Brazil,37,8,6,207847528,8538.589975
